case_id,client_name,industry,campaign_type,target_audience,results_summary,key_metrics,testimonial
1,MongoDB,Database/Infrastructure,Newsletter Sponsorship,Software Engineers & DevOps,MongoDB ran a 4-week campaign promoting their Atlas serverless offering. Targeted TLDR DevOps and TLDR Web Dev editions.,CTR: 2.8% | Leads: 1200 | Pipeline: $340K,"""TLDR delivered the most qualified developer leads we've seen from any newsletter channel."" - Sarah Chen, Director of Developer Marketing"
2,Datadog,Observability/Monitoring,Multi-Newsletter Bundle,SREs & Platform Engineers,Datadog sponsored TLDR DevOps and TLDR AI for 6 weeks to promote their AI-powered monitoring features.,CTR: 3.1% | Leads: 2100 | Pipeline: $520K,"""The audience quality was exceptional. These weren't just clicks - they were decision-makers evaluating tools."" - Marcus Webb, Growth Lead"
3,Stripe,Fintech/Payments,Single Placement,Engineering Leaders,Stripe tested a single premium placement in TLDR Founders to reach technical founders building payment infrastructure.,CTR: 2.4% | Leads: 340 | Demos: 89,"""Perfect audience-message fit. We reached founders at the exact moment they're thinking about payments."" - Dev Marketing Team"
4,Vercel,Developer Platform,Newsletter Sponsorship,Frontend Developers,Vercel ran a 3-week campaign in TLDR Web Dev promoting their edge functions and Next.js hosting.,CTR: 3.4% | Signups: 4200 | Paid Conversions: 180,"""TLDR readers are builders. They don't just read - they try things. Our signup rate was 2x other channels."" - Emily Rodriguez, Head of Growth"
5,Notion,Productivity/SaaS,Multi-Newsletter Bundle,Tech Workers & PMs,Notion targeted TLDR main edition and TLDR PM to promote their new AI features to tech-savvy knowledge workers.,CTR: 2.1% | Signups: 8500 | Enterprise Inquiries: 45,"""Reaching developers and PMs together created organic internal champions for enterprise deals."" - Notion Marketing"
6,LinearB,Developer Tools,Newsletter Sponsorship,Engineering Managers,LinearB sponsored TLDR DevOps for 4 weeks targeting engineering leaders interested in developer productivity metrics.,CTR: 2.6% | Leads: 890 | SQLs: 156,"""TLDR's DevOps audience is exactly who we need - engineering leaders who care about team performance."" - Dan Holmes, CMO"
7,Supabase,Database/Backend,Newsletter Sponsorship,Full-Stack Developers,Supabase ran ongoing sponsorships across TLDR Web Dev promoting their Postgres platform as a Firebase alternative.,CTR: 3.8% | Signups: 6700 | Pro Tier Upgrades: 420,"""Our best performing channel for developer acquisition. The TLDR audience actually ships products."" - Ant Wilson, Co-founder"
8,Retool,Internal Tools,Multi-Newsletter Bundle,Developers & Engineering Leaders,Retool sponsored TLDR main and TLDR Founders to reach both builders and buyers of internal tools.,CTR: 2.3% | Leads: 1450 | Enterprise Demos: 67,"""The combination of reaching developers AND founders meant we got both champions and budget holders."" - Growth Team"
9,Cloudflare,Infrastructure/Security,Newsletter Sponsorship,DevOps & Security Engineers,Cloudflare promoted Workers and R2 storage through TLDR DevOps and TLDR InfoSec over 8 weeks.,CTR: 2.9% | Signups: 5200 | Paid Accounts: 890,"""TLDR readers are sophisticated - they understood our technical value prop immediately."" - Developer Relations"
10,HashiCorp,Infrastructure/DevOps,Single Placement,Platform Engineers,HashiCorp tested TLDR DevOps to promote Terraform Cloud to infrastructure engineers.,CTR: 2.5% | Leads: 670 | Trial Starts: 234,"""Quality over quantity. These leads converted to trials at 3x our benchmark rate."" - Demand Gen Team"
